-- 1
INSERT INTO Producto (nombre, tipo_producto, unidad_medida) VALUES 
('Maíz amarillo', 'Cereal', 'kilogramos'),
('Maíz blanco', 'Cereal', 'kilogramos'),
('Trigo', 'Cereal', 'kilogramos'),
('Arroz', 'Cereal', 'kilogramos'),
('Cebada', 'Cereal', 'kilogramos'),
('Leche entera', 'Lácteo', 'litros'),
('Leche descremada', 'Lácteo', 'litros'),
('Leche en polvo', 'Lácteo', 'kilogramos'),
('Queso fresco', 'Lácteo', 'kilogramos'),
('Queso maduro', 'Lácteo', 'kilogramos'),
('Huevos blancos', 'Avícola', 'unidades'),
('Huevos rojos', 'Avícola', 'unidades'),
('Huevos orgánicos', 'Avícola', 'unidades'),
('Tomate redondo', 'Hortaliza', 'kilogramos'),
('Tomate cherry', 'Hortaliza', 'kilogramos'),
('Tomate perita', 'Hortaliza', 'kilogramos'),
('Cebolla blanca', 'Hortaliza', 'kilogramos'),
('Cebolla morada', 'Hortaliza', 'kilogramos'),
('Zanahoria', 'Hortaliza', 'kilogramos'),
('Papa blanca', 'Hortaliza', 'kilogramos'),
('Papa amarilla', 'Hortaliza', 'kilogramos'),
('Papa negra', 'Hortaliza', 'kilogramos'),
('Lechuga crespa', 'Hortaliza', 'kilogramos'),
('Lechuga romana', 'Hortaliza', 'kilogramos'),
('Espinaca', 'Hortaliza', 'kilogramos'),
('Acelga', 'Hortaliza', 'kilogramos'),
('Brócoli', 'Hortaliza', 'kilogramos'),
('Coliflor', 'Hortaliza', 'kilogramos'),
('Zapallo', 'Hortaliza', 'kilogramos'),
('Zapallito', 'Hortaliza', 'kilogramos'),
('Pimiento rojo', 'Hortaliza', 'kilogramos'),
('Pimiento verde', 'Hortaliza', 'kilogramos'),
('Pimiento amarillo', 'Hortaliza', 'kilogramos'),
('Berenjena', 'Hortaliza', 'kilogramos'),
('Pepino', 'Hortaliza', 'kilogramos'),
('Calabacín', 'Hortaliza', 'kilogramos'),
('Ajo', 'Hortaliza', 'kilogramos'),
('Perejil', 'Hortaliza', 'kilogramos'),
('Cilantro', 'Hortaliza', 'kilogramos'),
('Albahaca', 'Hortaliza', 'kilogramos'),
('Mantequilla', 'Lácteo', 'kilogramos'),
('Yogur natural', 'Lácteo', 'litros'),
('Yogur de frutas', 'Lácteo', 'litros'),
('Crema de leche', 'Lácteo', 'litros'),
('Helado', 'Lácteo', 'litros'),
('Manzana roja', 'Fruta', 'kilogramos'),
('Manzana verde', 'Fruta', 'kilogramos'),
('Pera', 'Fruta', 'kilogramos'),
('Durazno', 'Fruta', 'kilogramos'),
('Ciruela', 'Fruta', 'kilogramos');

-- 2
INSERT INTO Lote (nombre, tamaño, tipo_uso) VALUES 
('Lote Norte A', 10.50, 'Cultivo de maíz'),
('Lote Norte B', 12.75, 'Cultivo de trigo'),
('Lote Norte C', 8.25, 'Cultivo de cebada'),
('Lote Sur A', 15.00, 'Pastoreo vacuno'),
('Lote Sur B', 18.50, 'Pastoreo ovino'),
('Lote Este A', 7.75, 'Cultivo de hortalizas'),
('Lote Este B', 9.25, 'Cultivo de tomate'),
('Lote Este C', 6.50, 'Cultivo de cebolla'),
('Lote Oeste A', 12.00, 'Frutales'),
('Lote Oeste B', 14.25, 'Cultivo de manzana'),
('Lote Central A', 5.00, 'Invernadero'),
('Lote Central B', 4.50, 'Vivero'),
('Lote Noroeste', 20.75, 'Rotación cultivos'),
('Lote Noreste', 18.25, 'Barbecho'),
('Lote Suroeste', 16.50, 'Reserva forrajera'),
('Lote Sureste', 14.75, 'Cultivo orgánico'),
('Lote 1', 22.00, 'Cultivo extensivo'),
('Lote 2', 19.50, 'Cultivo intensivo'),
('Lote 3', 17.25, 'Agricultura protegida'),
('Lote 4', 15.75, 'Agricultura ecológica'),
('Lote 5', 13.50, 'Silvicultura'),
('Lote 6', 11.25, 'Agrosilvopastoreo'),
('Lote 7', 9.00, 'Horticultura'),
('Lote 8', 7.75, 'Fruticultura'),
('Lote 9', 6.50, 'Floricultura'),
('Lote 10', 5.25, 'Viticultura'),
('Lote 11', 25.00, 'Cultivo de soja'),
('Lote 12', 23.50, 'Cultivo de girasol'),
('Lote 13', 21.75, 'Cultivo de sorgo'),
('Lote 14', 19.25, 'Cultivo de algodón'),
('Lote 15', 16.50, 'Cultivo de lino'),
('Lote 16', 14.75, 'Cultivo de cáñamo'),
('Lote 17', 12.00, 'Cultivo de arroz'),
('Lote 18', 10.50, 'Cultivo de quinua'),
('Lote 19', 8.75, 'Cultivo de amaranto'),
('Lote 20', 7.25, 'Cultivo de chía'),
('Lote 21', 30.00, 'Pastura permanente'),
('Lote 22', 28.50, 'Pradera natural'),
('Lote 23', 26.75, 'Pradera artificial'),
('Lote 24', 24.25, 'Reserva forrajera'),
('Lote 25', 21.50, 'Silvopastoreo'),
('Lote 26', 18.75, 'Agropastoreo'),
('Lote 27', 16.00, 'Rotación pasturas'),
('Lote 28', 13.50, 'Mejoramiento pasturas'),
('Lote 29', 11.25, 'Conservación forraje'),
('Lote 30', 9.00, 'Henificación'),
('Lote 31', 7.75, 'Ensilage'),
('Lote 32', 6.50, 'Cultivo forrajero'),
('Lote 33', 5.25, 'Producción semillas'),
('Lote 34', 35.00, 'Investigación agrícola'),
('Lote 35', 32.50, 'Demostración técnica'),
('Lote 36', 29.75, 'Capacitación campo'),
('Lote 37', 27.25, 'Banco de germoplasma'),
('Lote 38', 24.50, 'Jardín botánico'),
('Lote 39', 21.75, 'Arboretum'),
('Lote 40', 19.00, 'Reserva natural');

-- 3
INSERT INTO Tipo_actividad (nombre) VALUES 
('Preparación de suelo'),
('Siembra directa'),
('Siembra tradicional'),
('Riego por gravedad'),
('Riego por aspersión'),
('Riego por goteo'),
('Fertilización orgánica'),
('Fertilización química'),
('Control de malezas'),
('Control de plagas'),
('Control de enfermedades'),
('Podas de formación'),
('Podas de mantenimiento'),
('Podas de rejuvenecimiento'),
('Injertos'),
('Cosecha manual'),
('Cosecha mecanizada'),
('Poscosecha'),
('Almacenamiento'),
('Clasificación'),
('Embalaje'),
('Transporte interno'),
('Limpieza de equipos'),
('Mantenimiento de infraestructura'),
('Reparación de cercos'),
('Construcción de drenajes'),
('Nivelación de terreno'),
('Análisis de suelo'),
('Muestreo foliar'),
('Monitoreo de cultivos'),
('Capacitación de personal'),
('Inspección de calidad'),
('Certificación orgánica'),
('Control de riego'),
('Registro de datos'),
('Planificación agrícola'),
('Supervisión de cultivos'),
('Evaluación de rendimiento'),
('Mejoramiento genético'),
('Investigación agrícola'),
('Pruebas de variedades'),
('Demostración de técnicas'),
('Control de inventario'),
('Gestión de residuos'),
('Producción de compost'),
('Cría de lombrices'),
('Producción de bioinsumos'),
('Conservación de suelos'),
('Rotación de cultivos'),
('Asociación de cultivos');

-- 4
INSERT INTO Actividad_Agricola (id_tipo_actividad, fecha, id_lote, observaciones) VALUES 
(1, '2023-01-05', 1, 'Preparación con arado de discos'),
(2, '2023-01-10', 2, 'Siembra directa de trigo'),
(3, '2023-01-15', 3, 'Siembra tradicional de cebada'),
(4, '2023-01-20', 4, 'Riego por surcos'),
(5, '2023-01-25', 5, 'Riego con aspersores móviles'),
(6, '2023-02-01', 6, 'Instalación sistema goteo'),
(7, '2023-02-05', 7, 'Aplicación compost'),
(8, '2023-02-10', 8, 'Fertilización NPK'),
(9, '2023-02-15', 9, 'Deshierbe manual'),
(10, '2023-02-20', 10, 'Control de pulgones'),
(11, '2023-02-25', 11, 'Aplicación fungicida'),
(12, '2023-03-01', 12, 'Poda formación manzanos'),
(13, '2023-03-05', 13, 'Poda mantenimiento'),
(14, '2023-03-10', 14, 'Poda rejuvenecimiento'),
(15, '2023-03-15', 15, 'Injerto de variedad'),
(16, '2023-03-20', 16, 'Cosecha manual tomate'),
(17, '2023-03-25', 17, 'Cosecha con máquina'),
(18, '2023-04-01', 18, 'Secado de granos'),
(19, '2023-04-05', 19, 'Almacenaje en silo'),
(20, '2023-04-10', 20, 'Clasificación por tamaño'),
(21, '2023-04-15', 21, 'Empaque en cajas'),
(22, '2023-04-20', 22, 'Transporte a bodega'),
(23, '2023-04-25', 23, 'Limpieza de tractores'),
(24, '2023-05-01', 24, 'Reparación galpón'),
(25, '2023-05-05', 25, 'Cambio de cercos'),
(26, '2023-05-10', 26, 'Instalación drenajes'),
(27, '2023-05-15', 27, 'Nivelación con láser'),
(28, '2023-05-20', 28, 'Muestreo de suelo'),
(29, '2023-05-25', 29, 'Análisis foliar'),
(30, '2023-06-01', 30, 'Monitoreo crecimiento'),
(31, '2023-06-05', 31, 'Capacitación riego'),
(32, '2023-06-10', 32, 'Inspección calidad'),
(33, '2023-06-15', 33, 'Auditoría orgánica'),
(34, '2023-06-20', 34, 'Ajuste programación riego'),
(35, '2023-06-25', 35, 'Registro fenológico'),
(36, '2023-07-01', 36, 'Planificación rotación'),
(37, '2023-07-05', 37, 'Supervisión desarrollo'),
(38, '2023-07-10', 38, 'Evaluación rendimiento'),
(39, '2023-07-15', 39, 'Selección plantas'),
(40, '2023-07-20', 40, 'Ensayo variedades'),
(41, '2023-07-25', 1, 'Prueba densidad siembra'),
(42, '2023-08-01', 2, 'Demostración técnica'),
(43, '2023-08-05', 3, 'Control inventario'),
(44, '2023-08-10', 4, 'Manejo residuos'),
(45, '2023-08-15', 5, 'Producción compost'),
(46, '2023-08-20', 6, 'Lombricultura'),
(47, '2023-08-25', 7, 'Elaboración bioles'),
(48, '2023-09-01', 8, 'Terrazas de contorno'),
(49, '2023-09-05', 9, 'Rotación leguminosas'),
(50, '2023-09-10', 10, 'Asociación maíz-frijol');

-- 5 
INSERT INTO Produccion (fecha_produccion, id_producto_fk, id_lote_fk, cantidad) VALUES 
('2023-01-15', 1, 1, 1200.50),
('2023-01-20', 2, 2, 950.75),
('2023-01-25', 3, 3, 800.25),
('2023-02-01', 4, 4, 350.00),
('2023-02-05', 5, 5, 280.50),
('2023-02-10', 6, 6, 500.75),
('2023-02-15', 7, 7, 450.25),
('2023-02-20', 8, 8, 320.00),
('2023-02-25', 9, 9, 180.50),
('2023-03-01', 10, 10, 150.75),
('2023-03-05', 11, 11, 1200.00),
('2023-03-10', 12, 12, 950.50),
('2023-03-15', 13, 13, 800.25),
('2023-03-20', 14, 14, 650.00),
('2023-03-25', 15, 15, 550.50),
('2023-04-01', 16, 16, 480.75),
('2023-04-05', 17, 17, 420.25),
('2023-04-10', 18, 18, 380.00),
('2023-04-15', 19, 19, 320.50),
('2023-04-20', 20, 20, 280.75),
('2023-04-25', 21, 21, 250.25),
('2023-05-01', 22, 22, 220.00),
('2023-05-05', 23, 23, 200.50),
('2023-05-10', 24, 24, 180.75),
('2023-05-15', 25, 25, 160.25),
('2023-05-20', 26, 26, 140.00),
('2023-05-25', 27, 27, 120.50),
('2023-06-01', 28, 28, 100.75),
('2023-06-05', 29, 29, 90.25),
('2023-06-10', 30, 30, 80.00),
('2023-06-15', 31, 31, 70.50),
('2023-06-20', 32, 32, 60.75),
('2023-06-25', 33, 33, 55.25),
('2023-07-01', 34, 34, 50.00),
('2023-07-05', 35, 35, 45.50),
('2023-07-10', 36, 36, 40.75),
('2023-07-15', 37, 37, 35.25),
('2023-07-20', 38, 38, 30.00),
('2023-07-25', 39, 39, 25.50),
('2023-08-01', 40, 40, 20.75),
('2023-08-05', 1, 1, 1100.25),
('2023-08-10', 2, 2, 900.00),
('2023-08-15', 3, 3, 750.50),
('2023-08-20', 4, 4, 320.75),
('2023-08-25', 5, 5, 260.25),
('2023-09-01', 6, 6, 480.00),
('2023-09-05', 7, 7, 420.50),
('2023-09-10', 8, 8, 300.75),
('2023-09-15', 9, 9, 160.25),
('2023-09-20', 10, 10, 130.00);

-- 6
INSERT INTO Empleado (nombre_completo, doc_identidad, cargo, fecha_ingreso, telefono, salario) VALUES 
('Juan Pérez Martínez', 12345678, 'Gerente Agrícola', '2018-03-15', '5551001', 3500.00),
('María Gómez López', 23456789, 'Ingeniero Agrónomo', '2019-05-20', '5551002', 3200.50),
('Carlos Rodríguez Sánchez', 34567890, 'Supervisor de Campo', '2020-02-10', '5551003', 2800.75),
('Ana Fernández García', 45678901, 'Administradora', '2017-11-05', '5551004', 3000.00),
('Luis Martínez Díaz', 56789012, 'Contador', '2019-07-15', '5551005', 2900.25),
('Laura Sánchez Ruiz', 67890123, 'Jefa de Producción', '2018-09-20', '5551006', 3100.50),
('Pedro García Martín', 78901234, 'Técnico Agrícola', '2020-04-25', '5551007', 2500.75),
('Sofía Romero Jiménez', 89012345, 'Responsable de Calidad', '2019-08-30', '5551008', 2700.00),
('Javier Hernández Muñoz', 90123456, 'Encargado de Maquinaria', '2018-12-10', '5551009', 2600.25),
('Elena Díaz Gómez', 11223344, 'Supervisora de Cosecha', '2020-06-15', '5551010', 2550.50),
('Miguel Ángel Ruiz Blanco', 22334455, 'Operador de Tractor', '2019-03-22', '5551011', 2200.75),
('Isabel Castro Méndez', 33445566, 'Responsable de Invernadero', '2018-07-18', '5551012', 2400.00),
('Francisco Javier Morales', 44556677, 'Técnico de Riego', '2020-01-05', '5551013', 2300.25),
('Carmen Ortega Navarro', 55667788, 'Almacenera', '2019-09-12', '5551014', 2100.50),
('Antonio Medina Sierra', 66778899, 'Mecánico Agrícola', '2018-11-25', '5551015', 2350.75),
('Rosa María Vargas', 77889900, 'Auxiliar Administrativa', '2020-03-08', '5551016', 2000.00),
('José Manuel Cortés', 88990011, 'Capataz', '2019-04-17', '5551017', 2450.25),
('Teresa Gil Serrano', 99001122, 'Responsable de Vivero', '2018-10-30', '5551018', 2250.50),
('Manuel Jesús Rojas', 10111213, 'Operador de Cosechadora', '2020-05-22', '5551019', 2300.75),
('Lucía Moreno Cabrera', 12131415, 'Técnica de Laboratorio', '2019-02-14', '5551020', 2550.00),
('Alberto Suárez Marín', 13141516, 'Encargado de Logística', '2018-08-19', '5551021', 2650.25),
('Sara Paredes León', 14151617, 'Asistente de Producción', '2020-07-03', '5551022', 2150.50),
('Rubén Santos Cruz', 15161718, 'Técnico de Mantenimiento', '2019-10-28', '5551023', 2250.75),
('Patricia Vega Ramos', 16171819, 'Supervisora de Empaque', '2018-12-05', '5551024', 2350.00),
('Óscar Iglesias Fuentes', 17181920, 'Conductor de Camión', '2020-02-18', '5551025', 2200.25),
('Nuria Delgado Mora', 18192021, 'Auxiliar de Campo', '2019-06-09', '5551026', 1950.50),
('Fernando Calvo Reyes', 19202122, 'Operario Especializado', '2018-09-14', '5551027', 2050.75),
('Marina Soto Gallego', 20212223, 'Técnica de Semillas', '2020-04-07', '5551028', 2400.00),
('Raúl Méndez Vidal', 21222324, 'Jefe de Turno', '2019-01-30', '5551029', 2500.25),
('Eva Campos Ferrer', 22232425, 'Responsable de Sanidad', '2018-05-12', '5551030', 2600.50),
('Víctor Peña Montes', 23242526, 'Técnico de Fertilización', '2020-08-25', '5551031', 2350.75),
('Silvia Ríos Carrasco', 24252627, 'Coordinadora de Ventas', '2019-11-08', '5551032', 2700.00),
('Jorge Núñez Pascual', 25262728, 'Operador de Maquinaria', '2018-10-17', '5551033', 2250.25),
('Alicia Marín Velasco', 26272829, 'Técnica de Invernadero', '2020-03-21', '5551034', 2300.50),
('Roberto Vidal Sáez', 27282930, 'Encargado de Almacén', '2019-07-04', '5551035', 2150.75),
('Beatriz Montes Gil', 28293031, 'Asistente de Calidad', '2018-11-19', '5551036', 2050.00),
('Hugo Ferrer Rivas', 29303132, 'Técnico de Sistemas', '2020-01-12', '5551037', 2500.25),
('Claudia Carrasco Soto', 30313233, 'Supervisora de Personal', '2019-04-26', '5551038', 2800.50),
('Iván Pascual Delgado', 31323334, 'Operario de Cosecha', '2018-08-09', '5551039', 2000.75),
('Lorena Velasco Peña', 32333435, 'Auxiliar de Laboratorio', '2020-05-14', '5551040', 2100.00),
('Gabriel Sáez Ríos', 33343536, 'Técnico de Campo', '2019-09-27', '5551041', 2300.25),
('Natalia Rivas Marín', 34353637, 'Asistente Administrativa', '2018-12-08', '5551042', 1950.50),
('Ángel Gil Vidal', 35363738, 'Operario de Riego', '2020-02-21', '5551043', 2050.75),
('Mónica Cruz Campos', 36373839, 'Supervisora de Limpieza', '2019-05-04', '5551044', 1900.00),
('Ricardo Mora Ferrer', 37383940, 'Mantenimiento General', '2018-10-17', '5551045', 2150.25),
('Olga Reyes Montes', 38394041, 'Auxiliar de Cosecha', '2020-06-30', '5551046', 1950.50),
('Guillermo Gallego Carrasco', 39404142, 'Conductor de Maquinaria', '2019-08-13', '5551047', 2250.75),
('Cristina Fuentes Sáez', 40414243, 'Técnica de Almacén', '2018-11-26', '5551048', 2100.00),
('Adrián Serrano Rivas', 41424344, 'Operario General', '2020-04-09', '5551049', 2000.25),
('Verónica Cabrera Gil', 42434445, 'Asistente de Campo', '2019-07-22', '5551050', 1900.50);

-- 7
INSERT INTO Tarea (descripcion, fecha, estado) VALUES 
('Preparación terreno Lote 1', '2023-01-05', 'completada'),
('Siembra maíz Lote Norte', '2023-01-15', 'completada'),
('Instalación sistema riego', '2023-01-25', 'completada'),
('Aplicación fertilizante', '2023-02-05', 'completada'),
('Control de malezas Lote 5', '2023-02-15', 'completada'),
('Poda árboles frutales', '2023-02-25', 'completada'),
('Riego emergencia Lote Sur', '2023-03-05', 'completada'),
('Cosecha trigo Lote Este', '2023-03-15', 'completada'),
('Mantenimiento tractor', '2023-03-25', 'completada'),
('Limpieza almacén', '2023-04-05', 'completada'),
('Control plagas invernadero', '2023-04-15', 'en proceso'),
('Reparación cercado', '2023-04-25', 'en proceso'),
('Capacitación personal', '2023-05-05', 'pendiente'),
('Inventario herramientas', '2023-05-15', 'pendiente'),
('Trasplante hortalizas', '2023-05-25', 'pendiente'),
('Análisis suelo Lote 10', '2023-06-05', 'pendiente'),
('Recolección muestras', '2023-06-15', 'pendiente'),
('Organización bodega', '2023-06-25', 'pendiente'),
('Preparación semillas', '2023-07-05', 'pendiente'),
('Calibración equipos', '2023-07-15', 'pendiente'),
('Riego fertilización Lote 3', '2023-07-25', 'pendiente'),
('Podar setos perimetrales', '2023-08-05', 'pendiente'),
('Revisión sistema eléctrico', '2023-08-15', 'pendiente'),
('Limpieza canales riego', '2023-08-25', 'pendiente'),
('Preparación compostera', '2023-09-05', 'pendiente'),
('Siembra cultivo cubierta', '2023-09-15', 'pendiente'),
('Control humedad almacén', '2023-09-25', 'pendiente'),
('Reparación herramientas', '2023-10-05', 'pendiente'),
('Organización documentación', '2023-10-15', 'pendiente'),
('Supervisión cultivos', '2023-10-25', 'pendiente'),
('Preparación invernadero', '2023-11-05', 'pendiente'),
('Siembra temprana Lote 7', '2023-11-15', 'pendiente'),
('Mantenimiento equipos', '2023-11-25', 'pendiente'),
('Control temperatura almacén', '2023-12-05', 'pendiente'),
('Planificación rotación', '2023-12-15', 'pendiente'),
('Revisión vehículos', '2023-12-25', 'pendiente'),
('Preparación vivero', '2024-01-05', 'pendiente'),
('Siembra almácigos', '2024-01-15', 'pendiente'),
('Control crecimiento', '2024-01-25', 'pendiente'),
('Riego foliar', '2024-02-05', 'pendiente'),
('Aplicación bioestimulantes', '2024-02-15', 'pendiente'),
('Monitoreo plagas', '2024-02-25', 'pendiente'),
('Preparación terreno nuevo', '2024-03-05', 'pendiente'),
('Instalación tutores', '2024-03-15', 'pendiente'),
('Acolchado plástico', '2024-03-25', 'pendiente'),
('Siembra directa', '2024-04-05', 'pendiente'),
('Control humedad suelo', '2024-04-15', 'pendiente'),
('Mantenimiento invernadero', '2024-04-25', 'pendiente'),
('Preparación cosecha', '2024-05-05', 'pendiente'),
('Capacitación seguridad', '2024-05-15', 'pendiente');

-- 8
INSERT INTO Asignacion_Tarea (id_empleado_fk, id_tarea_fk) VALUES 
(1, 1),
(2, 2),
(3, 3),
(4, 4),
(5, 5),
(6, 6),
(7, 7),
(8, 8),
(9, 9),
(10, 10),
(11, 11),
(12, 12),
(13, 13),
(14, 14),
(15, 15),
(16, 16),
(17, 17),
(18, 18),
(19, 19),
(20, 20),
(21, 21),
(22, 22),
(23, 23),
(24, 24),
(25, 25),
(26, 26),
(27, 27),
(28, 28),
(29, 29),
(30, 30),
(31, 31),
(32, 32),
(33, 33),
(34, 34),
(35, 35),
(36, 36),
(37, 37),
(38, 38),
(39, 39),
(40, 40),
(41, 41),
(42, 42),
(43, 43),
(44, 44),
(45, 45),
(46, 46),
(47, 47),
(48, 48),
(49, 49),
(50, 50);

-- 9
INSERT INTO Maquinaria (nombre, fecha_compra, estado) VALUES 
('Tractor John Deere 6125', '2020-01-15', 'operando'),
('Cosechadora New Holland CR8.90', '2021-03-20', 'mantenimiento'),
('Pulverizadora Jacto 2000', '2019-05-10', 'operando'),
('Empacadora Claas Rollant 66', '2022-02-05', 'descompuesta'),
('Remolque agrícola 10tn', '2020-11-18', 'operando'),
('Tractor Massey Ferguson 6713', '2019-07-22', 'operando'),
('Sembradora Gaspardo 400', '2021-09-14', 'operando'),
('Abonadora Amazone ZA-TS', '2020-04-30', 'operando'),
('Arado de discos Gregoire Besson', '2018-12-15', 'operando'),
('Rastra de púas Kuhn EL82', '2021-06-25', 'operando'),
('Cultivador Kverneland TD', '2020-08-12', 'operando'),
('Picadora de forraje Claas Jaguar 950', '2022-01-10', 'mantenimiento'),
('Ensiladora JF 90', '2019-10-05', 'operando'),
('Cortadora de césped Toro 745', '2021-07-18', 'operando'),
('Desmalezadora Stihl FS560', '2020-05-22', 'operando'),
('Motobomba de riego Honda WH20', '2019-11-30', 'operando'),
('Generador eléctrico Hyundai 6500', '2021-04-15', 'operando'),
('Compresor de aire Ingersoll Rand', '2020-09-28', 'operando'),
('Soldadora Lincoln Electric', '2019-12-10', 'operando'),
('Taladro de columna', '2021-01-25', 'operando'),
('Cargador frontal JCB 436', '2020-06-14', 'operando'),
('Minicargadora Bobcat S650', '2022-03-08', 'operando'),
('Vibrador de frutales', '2019-08-17', 'operando'),
('Podadora hidráulica', '2021-05-29', 'operando'),
('Aspersor móvil de riego', '2020-07-03', 'operando'),
('Sistema de riego por goteo', '2019-09-21', 'operando'),
('Inyector de fertilizantes', '2021-11-11', 'operando'),
('Bomba de fumigación', '2020-10-07', 'operando'),
('Termonebulizador', '2019-04-19', 'operando'),
('Trituradora de poda', '2021-12-24', 'operando'),
('Compactadora de suelo', '2020-03-16', 'operando'),
('Niveladora láser', '2019-06-28', 'operando'),
('Plataforma elevadora', '2021-08-13', 'operando'),
('Carretilla elevadora', '2020-12-05', 'operando'),
('Camión volquete 5tn', '2019-02-20', 'operando'),
('Fumigadora autopropulsada', '2021-10-09', 'operando'),
('Sopladora de hojas', '2020-04-02', 'operando'),
('Cortadora de setos', '2019-07-15', 'operando'),
('Motosierra Stihl MS391', '2021-09-27', 'operando'),
('Desbrozadora de brazo', '2020-08-19', 'operando'),
('Tractor New Holland T7', '2022-01-12', 'operando'),
('Empacadora Krone Big Pack', '2019-11-05', 'mantenimiento'),
('Envolvedora de pacas', '2021-03-30', 'operando'),
('Remolque forrajero', '2020-05-14', 'operando'),
('Mezcladora de alimentos', '2019-10-28', 'operando'),
('Molino de martillos', '2021-12-15', 'operando'),
('Secadora de granos', '2020-07-07', 'operando'),
('Clasificadora de semillas', '2019-04-10', 'operando'),
('Envasadora automática', '2021-06-22', 'operando'),
('Báscula electrónica', '2020-09-18', 'operando'),
('Cámara frigorífica', '2019-12-25', 'operando');

-- 10
INSERT INTO Uso_Maquinaria (id_maquinaria_fk, fecha_uso, id_lote_fk, horas_uso) VALUES 
(1, '2023-01-10', 1, 8.5),
(2, '2023-01-15', 2, 6.0),
(3, '2023-01-20', 3, 4.5),
(4, '2023-01-25', 4, 5.5),
(5, '2023-02-01', 5, 7.0),
(6, '2023-02-05', 6, 8.0),
(7, '2023-02-10', 7, 6.5),
(8, '2023-02-15', 8, 5.0),
(9, '2023-02-20', 9, 7.5),
(10, '2023-02-25', 10, 6.0),
(11, '2023-03-01', 11, 8.5),
(12, '2023-03-05', 12, 7.0),
(13, '2023-03-10', 13, 5.5),
(14, '2023-03-15', 14, 6.5),
(15, '2023-03-20', 15, 4.0),
(16, '2023-03-25', 16, 5.5),
(17, '2023-04-01', 17, 7.0),
(18, '2023-04-05', 18, 6.5),
(19, '2023-04-10', 19, 8.0),
(20, '2023-04-15', 20, 7.5),
(21, '2023-04-20', 21, 6.0),
(22, '2023-04-25', 22, 5.5),
(23, '2023-05-01', 23, 4.5),
(24, '2023-05-05', 24, 6.0),
(25, '2023-05-10', 25, 7.5),
(26, '2023-05-15', 26, 8.0),
(27, '2023-05-20', 27, 6.5),
(28, '2023-05-25', 28, 5.0),
(29, '2023-06-01', 29, 7.0),
(30, '2023-06-05', 30, 6.5),
(31, '2023-06-10', 31, 8.0),
(32, '2023-06-15', 32, 7.5),
(33, '2023-06-20', 33, 6.0),
(34, '2023-06-25', 34, 5.5),
(35, '2023-07-01', 35, 7.0),
(36, '2023-07-05', 36, 8.5),
(37, '2023-07-10', 37, 6.0),
(38, '2023-07-15', 38, 5.5),
(39, '2023-07-20', 39, 7.5),
(40, '2023-07-25', 40, 6.5),
(41, '2023-08-01', 1, 8.0),
(42, '2023-08-05', 2, 7.0),
(43, '2023-08-10', 3, 6.5),
(44, '2023-08-15', 4, 5.0),
(45, '2023-08-20', 5, 7.5),
(46, '2023-08-25', 6, 6.0),
(47, '2023-09-01', 7, 8.5),
(48, '2023-09-05', 8, 7.0),
(49, '2023-09-10', 9, 6.5),
(50, '2023-09-15', 10, 5.5);

-- 11 
INSERT INTO Mantenimiento (id_maquinaria_fk, fecha_mantenimiento, descripción) VALUES 
(1, '2023-01-05', 'Cambio de aceite y filtros'),
(2, '2023-01-10', 'Revisión general del motor'),
(3, '2023-01-15', 'Limpieza de boquillas'),
(4, '2023-01-20', 'Reparación sistema hidráulico'),
(5, '2023-01-25', 'Revisión de frenos y luces'),
(6, '2023-02-01', 'Ajuste de inyectores'),
(7, '2023-02-05', 'Calibración de dosificación'),
(8, '2023-02-10', 'Lubricación de partes móviles'),
(9, '2023-02-15', 'Cambio de discos'),
(10, '2023-02-20', 'Ajuste de presión'),
(11, '2023-02-25', 'Reemplazo de púas'),
(12, '2023-03-01', 'Mantenimiento preventivo 500 horas'),
(13, '2023-03-05', 'Alineación de cuchillas'),
(14, '2023-03-10', 'Afiliado de cuchillas'),
(15, '2023-03-15', 'Cambio de correas'),
(16, '2023-03-20', 'Limpieza de filtros'),
(17, '2023-03-25', 'Prueba de carga'),
(18, '2023-04-01', 'Revisión de compresor'),
(19, '2023-04-05', 'Mantenimiento eléctrico'),
(20, '2023-04-10', 'Ajuste de cojinetes'),
(21, '2023-04-15', 'Revisión de neumáticos'),
(22, '2023-04-20', 'Balanceo de ruedas'),
(23, '2023-04-25', 'Calibración de vibrador'),
(24, '2023-05-01', 'Afilado de cuchillas poda'),
(25, '2023-05-05', 'Limpieza de aspersores'),
(26, '2023-05-10', 'Revisión de tuberías'),
(27, '2023-05-15', 'Calibración de inyector'),
(28, '2023-05-20', 'Limpieza de tanque'),
(29, '2023-05-25', 'Revisión de motor'),
(30, '2023-06-01', 'Ajuste de martillos'),
(31, '2023-06-05', 'Reemplazo de cribas'),
(32, '2023-06-10', 'Nivelación de láser'),
(33, '2023-06-15', 'Revisión hidráulica'),
(34, '2023-06-20', 'Mantenimiento eléctrico'),
(35, '2023-06-25', 'Revisión de suspensión'),
(36, '2023-07-01', 'Cambio de aceite motor'),
(37, '2023-07-05', 'Limpieza de carburador'),
(38, '2023-07-10', 'Ajuste de cadena'),
(39, '2023-07-15', 'Afilado de cadena'),
(40, '2023-07-20', 'Revisión de seguridad'),
(41, '2023-07-25', 'Calibración de sistema'),
(42, '2023-08-01', 'Mantenimiento preventivo'),
(43, '2023-08-05', 'Lubricación general'),
(44, '2023-08-10', 'Revisión de rodamientos'),
(45, '2023-08-15', 'Ajuste de transmisión'),
(46, '2023-08-20', 'Reemplazo de filtros'),
(47, '2023-08-25', 'Prueba de presión'),
(48, '2023-09-01', 'Calibración electrónica'),
(49, '2023-09-05', 'Revisión completa'),
(50, '2023-09-10', 'Mantenimiento anual');

-- 12
INSERT INTO Cliente (nombre, telefono, direccion) VALUES 
('Supermercados Nacional', '5552001', 'Av. Principal 100, Ciudad'),
('Distribuidora Alimentos S.A.', '5552002', 'Zona Industrial Mz. 5 Lt. 8'),
('Restaurante La Huerta', '5552003', 'Calle Comercial 250'),
('Cadena de Hoteles Plaza', '5552004', 'Av. Turística 1200'),
('Comedor Industrial ABC', '5552005', 'Parque Industrial Norte'),
('Tienda Orgánica Vida Sana', '5552006', 'Centro Comercial Solar'),
('Universidad Agraria', '5552007', 'Campus Universitario Km. 4.5'),
('Hospital Regional', '5552008', 'Av. Salud 500'),
('Colegio Santa María', '5552009', 'Calle Educación 300'),
('Empresa Catering Gourmet', '5552010', 'Av. Servicios 150'),
('Mercado Municipal', '5552011', 'Plaza Central S/N'),
('Panadería Integral', '5552012', 'Calle Panaderos 45'),
('Juguera Natural', '5552013', 'Mercado Modelo Puesto 12'),
('Distribuidora Bebidas', '5552014', 'Zona Franca Mz. 3'),
('Carnicería Premium', '5552015', 'Av. Carnes 200'),
('Pescadería del Mar', '5552016', 'Mercado del Puerto 30'),
('Heladería Artesanal', '5552017', 'Av. Dulces 75'),
('Charcutería Fina', '5552018', 'Centro Comercial Plaza'),
('Tienda Vegana', '5552019', 'Calle Ecológica 80'),
('Exportadora Frutícola', '5552020', 'Puerto Seco Mz. A'),
('Importadora Alimentos', '5552021', 'Zona Logística 5'),
('Comunidad Ecológica', '5552022', 'Ecoaldea Km. 12'),
('Hotel Granja', '5552023', 'Carretera Panorámica Km. 8'),
('Spa Naturista', '5552024', 'Av. Relax 350'),
('Gimnasio Salud Total', '5552025', 'Centro Deportivo Local 10'),
('Clínica Nutricional', '5552026', 'Av. Bienestar 220'),
('Escuela Gastronómica', '5552027', 'Calle Sabores 90'),
('Cafetería Arte', '5552028', 'Av. Cultural 150'),
('Pastelería Fina', '5552029', 'Calle Repostería 40'),
('Bar Jugos Naturales', '5552030', 'Av. Nocturna 200'),
('Comedor Empresarial', '5552031', 'Edificio Corporativo piso 3'),
('Guardería Infantil', '5552032', 'Calle Niños 120'),
('Residencia Adultos Mayores', '5552033', 'Av. Tercera Edad 80'),
('Club Deportivo', '5552034', 'Complejo Deportivo Local 5'),
('Asociación Consumidores', '5552035', 'Oficina 302 Edif. Asociaciones'),
('Cooperativa Agricultores', '5552036', 'Av. Campesina 350'),
('Comunidad Religiosa', '5552037', 'Convento Santa Clara'),
('Base Militar', '5552038', 'Fuerte Defensa Sector 2'),
('Aeropuerto Internacional', '5552039', 'Terminal de Carga'),
('Estación de Trenes', '5552040', 'Sector Almacenes'),
('Puerto Comercial', '5552041', 'Muelle 3 Almacén Frío'),
('Centro Convenciones', '5552042', 'Sector Catering'),
('Estadio Nacional', '5552043', 'Área Vip Concesiones'),
('Teatro Municipal', '5552044', 'Sector Refrigerios'),
('Zoológico Ciudad', '5552045', 'Área Comidas Animales'),
('Parque Acuático', '5552046', 'Concesión Principal'),
('Museo de Ciencias', '5552047', 'Cafetería Educativa'),
('Biblioteca Central', '5552048', 'Sector Cafetería'),
('Centro Investigación', '5552049', 'Comedor Científicos'),
('Laboratorio Farmacéutico', '5552050', 'Área Suministros');

-- 13
INSERT INTO Venta (fecha, id_cliente, id_empleado, total_venta) VALUES 
('2023-01-10', 1, 4, 1250.75),
('2023-01-15', 2, 4, 1850.50),
('2023-01-20', 3, 4, 950.25),
('2023-01-25', 4, 4, 3200.00),
('2023-02-01', 5, 4, 750.80),
('2023-02-05', 6, 4, 1450.30),
('2023-02-10', 7, 4, 2850.75),
('2023-02-15', 8, 4, 1200.00),
('2023-02-20', 9, 4, 950.50),
('2023-02-25', 10, 4, 1800.25),
('2023-03-01', 11, 4, 2200.75),
('2023-03-05', 12, 4, 850.00),
('2023-03-10', 13, 4, 1500.50),
('2023-03-15', 14, 4, 3200.25),
('2023-03-20', 15, 4, 1750.75),
('2023-03-25', 16, 4, 950.00),
('2023-04-01', 17, 4, 2850.50),
('2023-04-05', 18, 4, 1250.25),
('2023-04-10', 19, 4, 1850.75),
('2023-04-15', 20, 4, 2200.00),
('2023-04-20', 21, 4, 1500.50),
('2023-04-25', 22, 4, 950.25),
('2023-05-01', 23, 4, 2850.75),
('2023-05-05', 24, 4, 1250.00),
('2023-05-10', 25, 4, 1850.50),
('2023-05-15', 26, 4, 950.25),
('2023-05-20', 27, 4, 3200.75),
('2023-05-25', 28, 4, 750.00),
('2023-06-01', 29, 4, 1450.50),
('2023-06-05', 30, 4, 2850.25),
('2023-06-10', 31, 4, 1200.75),
('2023-06-15', 32, 4, 950.00),
('2023-06-20', 33, 4, 1800.50),
('2023-06-25', 34, 4, 2200.25),
('2023-07-01', 35, 4, 850.75),
('2023-07-05', 36, 4, 1500.00),
('2023-07-10', 37, 4, 3200.50),
('2023-07-15', 38, 4, 1750.25),
('2023-07-20', 39, 4, 950.75),
('2023-07-25', 40, 4, 2850.00),
('2023-08-01', 41, 4, 1250.50),
('2023-08-05', 42, 4, 1850.25),
('2023-08-10', 43, 4, 2200.75),
('2023-08-15', 44, 4, 1500.00),
('2023-08-20', 45, 4, 950.50),
('2023-08-25', 46, 4, 2850.25),
('2023-09-01', 47, 4, 1250.75),
('2023-09-05', 48, 4, 1850.00),
('2023-09-10', 49, 4, 950.50),
('2023-09-15', 50, 4, 3200.25);

-- 14
INSERT INTO Detalle_Venta (id_venta, id_producto, cantidad, precio_unitario) VALUES 
(1, 1, 100.50, 5.50),
(1, 3, 50.00, 3.75),
(2, 5, 75.25, 8.20),
(3, 7, 40.50, 6.80),
(4, 9, 120.75, 4.50),
(5, 11, 200.00, 0.30),
(6, 13, 150.50, 2.75),
(7, 15, 80.25, 7.20),
(8, 17, 60.00, 5.80),
(9, 19, 90.50, 3.25),
(10, 21, 110.75, 6.50),
(11, 23, 70.00, 8.75),
(12, 25, 45.50, 9.20),
(13, 27, 85.25, 5.50),
(14, 29, 95.00, 7.80),
(15, 31, 65.50, 6.25),
(16, 33, 115.75, 4.50),
(17, 35, 55.00, 8.20),
(18, 37, 75.50, 5.75),
(19, 39, 125.25, 3.20),
(20, 2, 90.00, 6.80),
(21, 4, 70.50, 7.25),
(22, 6, 110.75, 4.50),
(23, 8, 60.00, 9.20),
(24, 10, 80.50, 5.75),
(25, 12, 130.25, 3.20),
(26, 14, 50.00, 8.80),
(27, 16, 70.50, 6.25),
(28, 18, 90.75, 7.50),
(29, 20, 40.00, 9.20),
(30, 22, 60.50, 5.75),
(31, 24, 100.25, 4.20),
(32, 26, 55.00, 8.80),
(33, 28, 75.50, 6.25),
(34, 30, 95.75, 7.50),
(35, 32, 45.00, 9.20),
(36, 34, 65.50, 5.75),
(37, 36, 105.25, 4.20),
(38, 38, 50.00, 8.80),
(39, 40, 70.50, 6.25),
(40, 1, 90.75, 5.50),
(41, 3, 60.00, 3.75),
(42, 5, 80.50, 8.20),
(43, 7, 120.25, 6.80),
(44, 9, 55.00, 4.50),
(45, 11, 75.50, 0.30),
(46, 13, 95.75, 2.75),
(47, 15, 45.00, 7.20),
(48, 17, 65.50, 5.80),
(49, 19, 85.25, 3.25),
(50, 21, 60.00, 6.50);

-- 15
INSERT INTO Inventario (id_producto_fk, cantidad, fecha_actualizacion) VALUES 
(1, 1500, '2023-01-10'),
(2, 800, '2023-01-15'),
(3, 1200, '2023-01-20'),
(4, 950, '2023-01-25'),
(5, 600, '2023-02-01'),
(6, 750, '2023-02-05'),
(7, 900, '2023-02-10'),
(8, 550, '2023-02-15'),
(9, 700, '2023-02-20'),
(10, 850, '2023-02-25'),
(11, 5000, '2023-03-01'),
(12, 4500, '2023-03-05'),
(13, 4000, '2023-03-10'),
(14, 3500, '2023-03-15'),
(15, 3000, '2023-03-20'),
(16, 2500, '2023-03-25'),
(17, 2000, '2023-04-01'),
(18, 1800, '2023-04-05'),
(19, 1500, '2023-04-10'),
(20, 1200, '2023-04-15'),
(21, 1000, '2023-04-20'),
(22, 900, '2023-04-25'),
(23, 800, '2023-05-01'),
(24, 700, '2023-05-05'),
(25, 600, '2023-05-10'),
(26, 500, '2023-05-15'),
(27, 450, '2023-05-20'),
(28, 400, '2023-05-25'),
(29, 350, '2023-06-01'),
(30, 300, '2023-06-05'),
(31, 280, '2023-06-10'),
(32, 250, '2023-06-15'),
(33, 220, '2023-06-20'),
(34, 200, '2023-06-25'),
(35, 180, '2023-07-01'),
(36, 150, '2023-07-05'),
(37, 120, '2023-07-10'),
(38, 100, '2023-07-15'),
(39, 80, '2023-07-20'),
(40, 60, '2023-07-25'),
(1, 1400, '2023-08-01'),
(2, 750, '2023-08-05'),
(3, 1100, '2023-08-10'),
(4, 900, '2023-08-15'),
(5, 550, '2023-08-20'),
(6, 700, '2023-08-25'),
(7, 850, '2023-09-01'),
(8, 500, '2023-09-05'),
(9, 650, '2023-09-10'),
(10, 800, '2023-09-15');

-- 16

INSERT INTO Entrada_Inventario (fecha, id_producto_fk, cantidad, origen) VALUES 
('2023-01-05', 1, 1500, 'produccion'),
('2023-01-10', 3, 1200, 'produccion'),
('2023-01-15', 5, 800, 'produccion'),
('2023-01-20', 7, 600, 'produccion'),
('2023-01-25', 9, 400, 'produccion'),
('2023-02-01', 11, 5000, 'produccion'),
('2023-02-05', 13, 4500, 'produccion'),
('2023-02-10', 15, 4000, 'produccion'),
('2023-02-15', 17, 3500, 'produccion'),
('2023-02-20', 19, 3000, 'produccion'),
('2023-02-25', 21, 2500, 'produccion'),
('2023-03-01', 23, 2000, 'produccion'),
('2023-03-05', 25, 1800, 'produccion'),
('2023-03-10', 27, 1500, 'produccion'),
('2023-03-15', 29, 1200, 'produccion'),
('2023-03-20', 31, 1000, 'produccion'),
('2023-03-25', 33, 900, 'produccion'),
('2023-04-01', 35, 800, 'produccion'),
('2023-04-05', 37, 700, 'produccion'),
('2023-04-10', 39, 600, 'produccion'),
('2023-04-15', 2, 500, 'compra'),
('2023-04-20', 4, 450, 'compra'),
('2023-04-25', 6, 400, 'compra'),
('2023-05-01', 8, 350, 'compra'),
('2023-05-05', 10, 300, 'compra'),
('2023-05-10', 12, 280, 'compra'),
('2023-05-15', 14, 250, 'compra'),
('2023-05-20', 16, 220, 'compra'),
('2023-05-25', 18, 200, 'compra'),
('2023-06-01', 20, 180, 'compra'),
('2023-06-05', 22, 150, 'compra'),
('2023-06-10', 24, 120, 'compra'),
('2023-06-15', 26, 100, 'compra'),
('2023-06-20', 28, 80, 'compra'),
('2023-06-25', 30, 60, 'compra'),
('2023-07-01', 32, 50, 'compra'),
('2023-07-05', 34, 40, 'compra'),
('2023-07-10', 36, 30, 'compra'),
('2023-07-15', 38, 25, 'compra'),
('2023-07-20', 40, 20, 'compra'),
('2023-07-25', 1, 1400, 'produccion'),
('2023-08-01', 3, 1100, 'produccion'),
('2023-08-05', 5, 750, 'produccion'),
('2023-08-10', 7, 600, 'produccion'),
('2023-08-15', 9, 450, 'produccion'),
('2023-08-20', 11, 4800, 'produccion'),
('2023-08-25', 13, 4300, 'produccion'),
('2023-09-01', 15, 3800, 'produccion'),
('2023-09-05', 17, 3300, 'produccion'),
('2023-09-10', 19, 2800, 'produccion');

-- 17
INSERT INTO Salida_Inventario (fecha, id_producto_fk, cantidad, destino) VALUES 
('2023-01-10', 1, 100, 'venta'),
('2023-01-15', 3, 50, 'venta'),
('2023-01-20', 5, 75, 'venta'),
('2023-01-25', 7, 40, 'venta'),
('2023-02-01', 9, 120, 'venta'),
('2023-02-05', 11, 200, 'venta'),
('2023-02-10', 13, 150, 'venta'),
('2023-02-15', 15, 80, 'venta'),
('2023-02-20', 17, 60, 'venta'),
('2023-02-25', 19, 90, 'venta'),
('2023-03-01', 21, 110, 'venta'),
('2023-03-05', 23, 70, 'venta'),
('2023-03-10', 25, 45, 'venta'),
('2023-03-15', 27, 85, 'venta'),
('2023-03-20', 29, 95, 'venta'),
('2023-03-25', 31, 65, 'venta'),
('2023-04-01', 33, 115, 'venta'),
('2023-04-05', 35, 55, 'venta'),
('2023-04-10', 37, 75, 'venta'),
('2023-04-15', 39, 125, 'venta'),
('2023-04-20', 2, 90, 'consumo interno'),
('2023-04-25', 4, 70, 'consumo interno'),
('2023-05-01', 6, 110, 'consumo interno'),
('2023-05-05', 8, 60, 'consumo interno'),
('2023-05-10', 10, 80, 'consumo interno'),
('2023-05-15', 12, 130, 'consumo interno'),
('2023-05-20', 14, 50, 'perdida'),
('2023-05-25', 16, 70, 'perdida'),
('2023-06-01', 18, 90, 'perdida'),
('2023-06-05', 20, 40, 'perdida'),
('2023-06-10', 22, 60, 'perdida'),
('2023-06-15', 24, 100, 'consumo interno'),
('2023-06-20', 26, 55, 'consumo interno'),
('2023-06-25', 28, 75, 'consumo interno'),
('2023-07-01', 30, 95, 'consumo interno'),
('2023-07-05', 32, 45, 'perdida'),
('2023-07-10', 34, 65, 'perdida'),
('2023-07-15', 36, 105, 'consumo interno'),
('2023-07-20', 38, 50, 'consumo interno'),
('2023-07-25', 40, 70, 'consumo interno'),
('2023-08-01', 1, 90, 'venta'),
('2023-08-05', 3, 60, 'venta'),
('2023-08-10', 5, 80, 'venta'),
('2023-08-15', 7, 120, 'venta'),
('2023-08-20', 9, 55, 'venta'),
('2023-08-25', 11, 75, 'venta'),
('2023-09-01', 13, 95, 'venta'),
('2023-09-05', 15, 45, 'venta'),
('2023-09-10', 17, 65, 'venta'),
('2023-09-15', 19, 85, 'venta');

-- 18
INSERT INTO Proveedor (nombre, tipo_insumo, telefono, direccion) VALUES 
('Agroinsumos del Valle', 'Fertilizantes', '5553001', 'Av. Agrícola 100'),
('Semillas Premium S.A.', 'Semillas', '5553002', 'Zona Industrial Mz. 2'),
('Maquinaria Agrícola Total', 'Maquinaria', '5553003', 'Av. Tecnológica 250'),
('Veterinaria Sanidad Animal', 'Medicamentos', '5553004', 'Calle Veterinaria 80'),
('Envases Plásticos S.A.', 'Envases', '5553005', 'Polígono Industrial 3'),
('Herramientas del Campo', 'Herramientas', '5553006', 'Av. Herramientas 150'),
('Riegos Tecnificados', 'Sistemas de riego', '5553007', 'Calle Riego 200'),
('Invernaderos Modernos', 'Estructuras', '5553008', 'Av. Invernaderos 300'),
('Bioinsumos Naturales', 'Fertilizantes orgánicos', '5553009', 'Calle Ecológica 90'),
('Equipos de Protección', 'EPP', '5553010', 'Av. Seguridad 120'),
('Motores y Repuestos', 'Repuestos maquinaria', '5553011', 'Zona Industrial Mz. 4'),
('Bombas y Equipos', 'Bombas de agua', '5553012', 'Av. Hidráulica 180'),
('Mallas Agrícolas', 'Protección cultivos', '5553013', 'Calle Mallas 70'),
('Silos y Almacenamiento', 'Almacenamiento granos', '5553014', 'Av. Granos 210'),
('Tuberías y Conexiones', 'Riego', '5553015', 'Calle Tuberías 95'),
('Laboratorio Análisis', 'Análisis suelo/agua', '5553016', 'Av. Científica 130'),
('Energías Renovables', 'Sistemas solares', '5553017', 'Calle Solar 60'),
('Control Plagas', 'Insecticidas', '5553018', 'Av. Plagas 170'),
('Bancos de Semillas', 'Semillas certificadas', '5553019', 'Calle Semillas 85'),
('Transporte Agrícola', 'Logística', '5553020', 'Av. Transporte 220'),
('Software Agrícola', 'Tecnología', '5553021', 'Zona Tecnológica 5'),
('Asesoría Técnica', 'Consultoría', '5553022', 'Av. Consultores 140'),
('Viveros Certificados', 'Plantas', '5553023', 'Calle Viveros 110'),
('Materiales Construcción', 'Infraestructura', '5553024', 'Av. Construcción 190'),
('Empaques Especiales', 'Embalaje', '5553025', 'Calle Empaques 75'),
('Equipos Frigoríficos', 'Refrigeración', '5553026', 'Av. Frío 160'),
('Maquinaria Liviana', 'Herramientas motorizadas', '5553027', 'Calle Motor 105'),
('Sustratos Cultivo', 'Sustratos', '5553028', 'Av. Sustratos 125'),
('Iluminación Agrícola', 'Iluminación', '5553029', 'Calle Luz 65'),
('Sistemas Automatización', 'Automatización', '5553030', 'Av. Automática 175'),
('Equipos Medición', 'Instrumentos', '5553031', 'Calle Medición 80'),
('Protección Climática', 'Cubiertas', '5553032', 'Av. Climática 145'),
('Materiales Drenaje', 'Drenaje', '5553033', 'Calle Drenaje 115'),
('Equipos Poscosecha', 'Procesamiento', '5553034', 'Av. Poscosecha 155'),
('Sistemas Hidropónicos', 'Hidroponía', '5553035', 'Calle Hidroponia 100'),
('Maquinaria Pesada', 'Equipos grandes', '5553036', 'Av. Pesada 230'),
('Insumos Avícolas', 'Avicultura', '5553037', 'Calle Avícola 120'),
('Equipos Lechería', 'Lácteos', '5553038', 'Av. Lechera 165'),
('Insumos Porcinos', 'Porcicultura', '5553039', 'Calle Porcina 95'),
('Acuicultura Integral', 'Acuicultura', '5553040', 'Av. Acuícola 135'),
('Apicultura Moderna', 'Apicultura', '5553041', 'Calle Apícola 110'),
('Invernaderos Automatizados', 'Tecnología invernaderos', '5553042', 'Av. Automatización 185'),
('Sistemas Monitoreo', 'Sensores', '5553043', 'Calle Sensores 125'),
('Robótica Agrícola', 'Robots', '5553044', 'Av. Robótica 195'),
('Drones Agrícolas', 'Drones', '5553045', 'Calle Drones 140'),
('Biocontroladores', 'Control biológico', '5553046', 'Av. Biológica 150'),
('Microorganismos Beneficiosos', 'Biofertilizantes', '5553047', 'Calle Microbiana 130'),
('Equipos Labranza', 'Labranza', '5553048', 'Av. Labranza 170'),
('Sistemas GPS', 'Guía autónoma', '5553049', 'Calle GPS 160'),
('Tecnología Blockchain', 'Trazabilidad', '5553050', 'Av. Blockchain 200');

-- 19
INSERT INTO Compra (fecha, id_proveedor_fk, total) VALUES 
('2023-01-05', 1, 1250.50),
('2023-01-10', 2, 1850.75),
('2023-01-15', 3, 3200.00),
('2023-01-20', 4, 950.25),
('2023-01-25', 5, 1500.80),
('2023-02-01', 6, 2200.30),
('2023-02-05', 7, 1750.75),
('2023-02-10', 8, 2850.00),
('2023-02-15', 9, 1200.50),
('2023-02-20', 10, 1800.25),
('2023-02-25', 11, 2500.75),
('2023-03-01', 12, 950.00),
('2023-03-05', 13, 1500.50),
('2023-03-10', 14, 3200.25),
('2023-03-15', 15, 1750.75),
('2023-03-20', 16, 950.00),
('2023-03-25', 17, 2850.50),
('2023-04-01', 18, 1250.25),
('2023-04-05', 19, 1850.75),
('2023-04-10', 20, 2200.00),
('2023-04-15', 21, 1500.50),
('2023-04-20', 22, 950.25),
('2023-04-25', 23, 2850.75),
('2023-05-01', 24, 1250.00),
('2023-05-05', 25, 1850.50),
('2023-05-10', 26, 950.25),
('2023-05-15', 27, 3200.75),
('2023-05-20', 28, 750.00),
('2023-05-25', 29, 1450.50),
('2023-06-01', 30, 2850.25),
('2023-06-05', 31, 1200.75),
('2023-06-10', 32, 950.00),
('2023-06-15', 33, 1800.50),
('2023-06-20', 34, 2200.25),
('2023-06-25', 35, 850.75),
('2023-07-01', 36, 1500.00),
('2023-07-05', 37, 3200.50),
('2023-07-10', 38, 1750.25),
('2023-07-15', 39, 950.75),
('2023-07-20', 40, 2850.00),
('2023-07-25', 41, 1250.50),
('2023-08-01', 42, 1850.25),
('2023-08-05', 43, 2200.75),
('2023-08-10', 44, 1500.00),
('2023-08-15', 45, 950.50),
('2023-08-20', 46, 2850.25),
('2023-08-25', 47, 1250.75),
('2023-09-01', 48, 1850.00),
('2023-09-05', 49, 950.50),
('2023-09-10', 50, 3200.25);

-- 20
INSERT INTO Detalle_Compra (id_compra_fk, id_producto_fk, cantidad) VALUES 
(1, 1, 500),
(2, 3, 1000),
(3, NULL, 1),
(4, NULL, 50),
(5, NULL, 200),
(6, NULL, 30),
(7, NULL, 1),
(8, NULL, 2),
(9, 5, 300),
(10, NULL, 150),
(11, NULL, 20),
(12, NULL, 1),
(13, NULL, 500),
(14, NULL, 3),
(15, NULL, 100),
(16, 7, 400),
(17, NULL, 1),
(18, NULL, 75),
(19, 9, 250),
(20, NULL, 1),
(21, NULL, 40),
(22, NULL, 600),
(23, NULL, 2),
(24, 11, 350),
(25, NULL, 125),
(26, NULL, 1),
(27, NULL, 80),
(28, 13, 450),
(29, NULL, 3),
(30, NULL, 175),
(31, NULL, 1),
(32, 15, 500),
(33, NULL, 225),
(34, NULL, 4),
(35, NULL, 90),
(36, 17, 550),
(37, NULL, 1),
(38, NULL, 275),
(39, 19, 600),
(40, NULL, 5),
(41, NULL, 100),
(42, NULL, 650),
(43, NULL, 2),
(44, 21, 325),
(45, NULL, 150),
(46, NULL, 1),
(47, NULL, 120),
(48, 23, 700),
(49, NULL, 6),
(50, NULL, 200);
